candidate_id,threshold_family,group_type,group,rows,fires,fire_rate,avg_gain,false_positive_rate,p95_loss,max_loss
best_diagnostic_m2p5_r0_g0p7,diagnostic_reference,c1e_split,unbiased,4000,233,0.05825,5.796762826616672,0.004291845493562232,0.0,0.3492259979248047
best_diagnostic_m2p5_r0_g0p7,diagnostic_reference,c1e_split,enriched,16000,745,0.0465625,5.059231849644808,0.022818791946308724,0.0,5.772463798522949
best_diagnostic_m2p5_r0_g0p7,diagnostic_reference,run_bucket,natural,4000,233,0.05825,5.796762826616672,0.004291845493562232,0.0,0.3492259979248047
best_diagnostic_m2p5_r0_g0p7,diagnostic_reference,run_bucket,predicted_high_regret_from_pool,4000,255,0.06375,5.643981165044448,0.050980392156862744,0.08573176860808839,5.772463798522949
best_diagnostic_m2p5_r0_g0p7,diagnostic_reference,run_bucket,predicted_low_margin_from_pool,4000,151,0.03775,5.527008514530611,0.013245033112582781,0.0,0.5584439039230347
best_diagnostic_m2p5_r0_g0p7,diagnostic_reference,run_bucket,predicted_teacher_disagreement_from_pool,4000,131,0.03275,5.564199869869319,0.015267175572519083,0.0,4.029996871948242
best_diagnostic_m2p5_r0_g0p7,diagnostic_reference,run_bucket,random_off_policy,4000,208,0.052,3.6847310685194454,0.0,0.0,0.0
best_diagnostic_m2p5_r0_g0p7,diagnostic_reference,actual_flag,actual_high_regret,5048,958,0.1897781299524564,5.353067644578181,0.009394572025052192,0.0,5.772463798522949
best_diagnostic_m2p5_r0_g0p7,diagnostic_reference,actual_flag,not_actual_high_regret,14952,20,0.001337613697164259,-0.42326684594154357,0.45,2.3334778308868422,4.029996871948242
best_diagnostic_m2p5_r0_g0p7,diagnostic_reference,actual_flag,actual_low_margin,8741,367,0.04198604278686649,4.118686432084855,0.027247956403269755,0.0,5.772463798522949
best_diagnostic_m2p5_r0_g0p7,diagnostic_reference,actual_flag,not_actual_low_margin,11259,611,0.05426769695354827,5.905426425551432,0.01309328968903437,0.0,4.8738298416137695
best_diagnostic_m2p5_r0_g0p7,diagnostic_reference,actual_flag,actual_teacher_disagreement,12191,975,0.07997703223689608,5.255184065134097,0.015384615384615385,0.0,5.772463798522949
best_diagnostic_m2p5_r0_g0p7,diagnostic_reference,actual_flag,not_actual_teacher_disagreement,7809,3,0.000384172109104879,-1.343665639559428,1.0,2.169872319698334,2.244187355041504
confidence_lcb196_m2p5_r0_g0p7,lcb95_conservative,c1e_split,unbiased,4000,217,0.05425,6.112099791452082,0.0,0.0,0.0
confidence_lcb196_m2p5_r0_g0p7,lcb95_conservative,c1e_split,enriched,16000,696,0.0435,5.40474321992918,0.0,0.0,0.0
confidence_lcb196_m2p5_r0_g0p7,lcb95_conservative,run_bucket,natural,4000,217,0.05425,6.112099791452082,0.0,0.0,0.0
confidence_lcb196_m2p5_r0_g0p7,lcb95_conservative,run_bucket,predicted_high_regret_from_pool,4000,223,0.05575,6.48905946321017,0.0,0.0,0.0
confidence_lcb196_m2p5_r0_g0p7,lcb95_conservative,run_bucket,predicted_low_margin_from_pool,4000,141,0.03525,5.828240019209842,0.0,0.0,0.0
confidence_lcb196_m2p5_r0_g0p7,lcb95_conservative,run_bucket,predicted_teacher_disagreement_from_pool,4000,124,0.031,5.858347708179105,0.0,0.0,0.0
confidence_lcb196_m2p5_r0_g0p7,lcb95_conservative,run_bucket,random_off_policy,4000,208,0.052,3.6847310685194454,0.0,0.0,0.0
confidence_lcb196_m2p5_r0_g0p7,lcb95_conservative,actual_flag,actual_high_regret,5048,913,0.18086370839936608,5.57286630428895,0.0,0.0,0.0
confidence_lcb196_m2p5_r0_g0p7,lcb95_conservative,actual_flag,not_actual_high_regret,14952,0,0.0,0.0,0.0,0.0,0.0
confidence_lcb196_m2p5_r0_g0p7,lcb95_conservative,actual_flag,actual_low_margin,8741,339,0.03878274796933989,4.453084828227671,0.0,0.0,0.0
confidence_lcb196_m2p5_r0_g0p7,lcb95_conservative,actual_flag,not_actual_low_margin,11259,574,0.05098143707256417,6.234200660359984,0.0,0.0,0.0
confidence_lcb196_m2p5_r0_g0p7,lcb95_conservative,actual_flag,actual_teacher_disagreement,12191,913,0.0748913132638832,5.57286630428895,0.0,0.0,0.0
confidence_lcb196_m2p5_r0_g0p7,lcb95_conservative,actual_flag,not_actual_teacher_disagreement,7809,0,0.0,0.0,0.0,0.0,0.0
confidence_lcb164_m2p5_r0_g0p7,lcb90_medium,c1e_split,unbiased,4000,227,0.05675,5.928268415287203,0.0,0.0,0.0
confidence_lcb164_m2p5_r0_g0p7,lcb90_medium,c1e_split,enriched,16000,705,0.0440625,5.359130535396278,0.0,0.0,0.0
confidence_lcb164_m2p5_r0_g0p7,lcb90_medium,run_bucket,natural,4000,227,0.05675,5.928268415287203,0.0,0.0,0.0
confidence_lcb164_m2p5_r0_g0p7,lcb90_medium,run_bucket,predicted_high_regret_from_pool,4000,225,0.05625,6.44763952255249,0.0,0.0,0.0
confidence_lcb164_m2p5_r0_g0p7,lcb90_medium,run_bucket,predicted_low_margin_from_pool,4000,147,0.03675,5.66467655921469,0.0,0.0,0.0
confidence_lcb164_m2p5_r0_g0p7,lcb90_medium,run_bucket,predicted_teacher_disagreement_from_pool,4000,125,0.03125,5.826692947387695,0.0,0.0,0.0
confidence_lcb164_m2p5_r0_g0p7,lcb90_medium,run_bucket,random_off_policy,4000,208,0.052,3.6847310685194454,0.0,0.0,0.0
confidence_lcb164_m2p5_r0_g0p7,lcb90_medium,actual_flag,actual_high_regret,5048,932,0.18462757527733756,5.497751027601471,0.0,0.0,0.0
confidence_lcb164_m2p5_r0_g0p7,lcb90_medium,actual_flag,not_actual_high_regret,14952,0,0.0,0.0,0.0,0.0,0.0
confidence_lcb164_m2p5_r0_g0p7,lcb90_medium,actual_flag,actual_low_margin,8741,344,0.03935476490104107,4.416178365086401,0.0,0.0,0.0
confidence_lcb164_m2p5_r0_g0p7,lcb90_medium,actual_flag,not_actual_low_margin,11259,588,0.052224886757260856,6.130507823358587,0.0,0.0,0.0
confidence_lcb164_m2p5_r0_g0p7,lcb90_medium,actual_flag,actual_teacher_disagreement,12191,932,0.07644984004593552,5.497751027601471,0.0,0.0,0.0
confidence_lcb164_m2p5_r0_g0p7,lcb90_medium,actual_flag,not_actual_teacher_disagreement,7809,0,0.0,0.0,0.0,0.0,0.0
source_filtered_lcb196,source_filtered_lcb95,c1e_split,unbiased,4000,217,0.05425,6.112099791452082,0.0,0.0,0.0
source_filtered_lcb196,source_filtered_lcb95,c1e_split,enriched,16000,548,0.03425,5.8364299896859775,0.0,0.0,0.0
source_filtered_lcb196,source_filtered_lcb95,run_bucket,natural,4000,217,0.05425,6.112099791452082,0.0,0.0,0.0
source_filtered_lcb196,source_filtered_lcb95,run_bucket,predicted_high_regret_from_pool,4000,223,0.05575,6.48905946321017,0.0,0.0,0.0
source_filtered_lcb196,source_filtered_lcb95,run_bucket,predicted_low_margin_from_pool,4000,141,0.03525,5.828240019209842,0.0,0.0,0.0
source_filtered_lcb196,source_filtered_lcb95,run_bucket,predicted_teacher_disagreement_from_pool,4000,124,0.031,5.858347708179105,0.0,0.0,0.0
source_filtered_lcb196,source_filtered_lcb95,run_bucket,random_off_policy,4000,60,0.015,3.384773592154185,0.0,0.0,0.0
source_filtered_lcb196,source_filtered_lcb95,actual_flag,actual_high_regret,5048,765,0.15154516640253565,5.914626521690219,0.0,0.0,0.0
source_filtered_lcb196,source_filtered_lcb95,actual_flag,not_actual_high_regret,14952,0,0.0,0.0,0.0,0.0,0.0
source_filtered_lcb196,source_filtered_lcb95,actual_flag,actual_low_margin,8741,239,0.027342409335316325,4.809535357742629,0.0,0.0,0.0
source_filtered_lcb196,source_filtered_lcb95,actual_flag,not_actual_low_margin,11259,526,0.046718181010746956,6.416749693141691,0.0,0.0,0.0
source_filtered_lcb196,source_filtered_lcb95,actual_flag,actual_teacher_disagreement,12191,765,0.06275120990894922,5.914626521690219,0.0,0.0,0.0
source_filtered_lcb196,source_filtered_lcb95,actual_flag,not_actual_teacher_disagreement,7809,0,0.0,0.0,0.0,0.0,0.0
confidence_lcb196_m2p25_r0_g0p7,lcb95_conservative_relaxed_margin,c1e_split,unbiased,4000,286,0.0715,5.299329951092913,0.0,0.0,0.0
confidence_lcb196_m2p25_r0_g0p7,lcb95_conservative_relaxed_margin,c1e_split,enriched,16000,798,0.049875,5.123175425338267,0.0,0.0,0.0
confidence_lcb196_m2p25_r0_g0p7,lcb95_conservative_relaxed_margin,run_bucket,natural,4000,286,0.0715,5.299329951092913,0.0,0.0,0.0
confidence_lcb196_m2p25_r0_g0p7,lcb95_conservative_relaxed_margin,run_bucket,predicted_high_regret_from_pool,4000,252,0.063,6.151193028404599,0.0,0.0,0.0
confidence_lcb196_m2p25_r0_g0p7,lcb95_conservative_relaxed_margin,run_bucket,predicted_low_margin_from_pool,4000,159,0.03975,5.5932994683583575,0.0,0.0,0.0
confidence_lcb196_m2p25_r0_g0p7,lcb95_conservative_relaxed_margin,run_bucket,predicted_teacher_disagreement_from_pool,4000,139,0.03475,5.6396340311860005,0.0,0.0,0.0
confidence_lcb196_m2p25_r0_g0p7,lcb95_conservative_relaxed_margin,run_bucket,random_off_policy,4000,248,0.062,3.4877000018473594,0.0,0.0,0.0
confidence_lcb196_m2p25_r0_g0p7,lcb95_conservative_relaxed_margin,actual_flag,actual_high_regret,5048,1084,0.21473851030110935,5.169651619402685,0.0,0.0,0.0
confidence_lcb196_m2p25_r0_g0p7,lcb95_conservative_relaxed_margin,actual_flag,not_actual_high_regret,14952,0,0.0,0.0,0.0,0.0,0.0
confidence_lcb196_m2p25_r0_g0p7,lcb95_conservative_relaxed_margin,actual_flag,actual_low_margin,8741,382,0.043702093581970025,4.2531303947508645,0.0,0.0,0.0
confidence_lcb196_m2p25_r0_g0p7,lcb95_conservative_relaxed_margin,actual_flag,not_actual_low_margin,11259,702,0.06235011990407674,5.668385391221767,0.0,0.0,0.0
confidence_lcb196_m2p25_r0_g0p7,lcb95_conservative_relaxed_margin,actual_flag,actual_teacher_disagreement,12191,1084,0.0889180543023542,5.169651619402685,0.0,0.0,0.0
confidence_lcb196_m2p25_r0_g0p7,lcb95_conservative_relaxed_margin,actual_flag,not_actual_teacher_disagreement,7809,0,0.0,0.0,0.0,0.0,0.0
confidence_lcb164_m2p25_r0_g0p7,lcb90_medium_relaxed_margin,c1e_split,unbiased,4000,303,0.07575,5.111554052963509,0.0,0.0,0.0
confidence_lcb164_m2p25_r0_g0p7,lcb90_medium_relaxed_margin,c1e_split,enriched,16000,815,0.0509375,5.0557679547853995,0.0,0.0,0.0
confidence_lcb164_m2p25_r0_g0p7,lcb90_medium_relaxed_margin,run_bucket,natural,4000,303,0.07575,5.111554052963509,0.0,0.0,0.0
confidence_lcb164_m2p25_r0_g0p7,lcb90_medium_relaxed_margin,run_bucket,predicted_high_regret_from_pool,4000,257,0.06425,6.070747876445607,0.0,0.0,0.0
confidence_lcb164_m2p25_r0_g0p7,lcb90_medium_relaxed_margin,run_bucket,predicted_low_margin_from_pool,4000,167,0.04175,5.411142199339267,0.0,0.0,0.0
confidence_lcb164_m2p25_r0_g0p7,lcb90_medium_relaxed_margin,run_bucket,predicted_teacher_disagreement_from_pool,4000,143,0.03575,5.536072245844594,0.0,0.0,0.0
confidence_lcb164_m2p25_r0_g0p7,lcb90_medium_relaxed_margin,run_bucket,random_off_policy,4000,248,0.062,3.4877000018473594,0.0,0.0,0.0
confidence_lcb164_m2p25_r0_g0p7,lcb90_medium_relaxed_margin,actual_flag,actual_high_regret,5048,1118,0.22147385103011094,5.070887085150307,0.0,0.0,0.0
confidence_lcb164_m2p25_r0_g0p7,lcb90_medium_relaxed_margin,actual_flag,not_actual_high_regret,14952,0,0.0,0.0,0.0,0.0,0.0
confidence_lcb164_m2p25_r0_g0p7,lcb90_medium_relaxed_margin,actual_flag,actual_low_margin,8741,393,0.04496053083171262,4.1882698281120705,0.0,0.0,0.0
confidence_lcb164_m2p25_r0_g0p7,lcb90_medium_relaxed_margin,actual_flag,not_actual_low_margin,11259,725,0.06439293010036415,5.549326508620689,0.0,0.0,0.0
confidence_lcb164_m2p25_r0_g0p7,lcb90_medium_relaxed_margin,actual_flag,actual_teacher_disagreement,12191,1118,0.09170699696497416,5.070887085150307,0.0,0.0,0.0
confidence_lcb164_m2p25_r0_g0p7,lcb90_medium_relaxed_margin,actual_flag,not_actual_teacher_disagreement,7809,0,0.0,0.0,0.0,0.0,0.0
confidence_lcb196_m2p0_r0_g0p75,lcb95_conservative_relaxed_margin_tighter_gate,c1e_split,unbiased,4000,320,0.08,5.040314880385995,0.0,0.0,0.0
confidence_lcb196_m2p0_r0_g0p75,lcb95_conservative_relaxed_margin_tighter_gate,c1e_split,enriched,16000,940,0.05875,4.7667279079873515,0.0,0.0,0.0
confidence_lcb196_m2p0_r0_g0p75,lcb95_conservative_relaxed_margin_tighter_gate,run_bucket,natural,4000,320,0.08,5.040314880385995,0.0,0.0,0.0
confidence_lcb196_m2p0_r0_g0p75,lcb95_conservative_relaxed_margin_tighter_gate,run_bucket,predicted_high_regret_from_pool,4000,274,0.0685,5.926895909935888,0.0,0.0,0.0
confidence_lcb196_m2p0_r0_g0p75,lcb95_conservative_relaxed_margin_tighter_gate,run_bucket,predicted_low_margin_from_pool,4000,180,0.045,5.322292306688097,0.0,0.0,0.0
confidence_lcb196_m2p0_r0_g0p75,lcb95_conservative_relaxed_margin_tighter_gate,run_bucket,predicted_teacher_disagreement_from_pool,4000,158,0.0395,5.358508853972713,0.0,0.0,0.0
confidence_lcb196_m2p0_r0_g0p75,lcb95_conservative_relaxed_margin_tighter_gate,run_bucket,random_off_policy,4000,328,0.082,3.207615061140642,0.0,0.0,0.0
confidence_lcb196_m2p0_r0_g0p75,lcb95_conservative_relaxed_margin_tighter_gate,actual_flag,actual_high_regret,5048,1260,0.24960380348652933,4.836210313675895,0.0,0.0,0.0
confidence_lcb196_m2p0_r0_g0p75,lcb95_conservative_relaxed_margin_tighter_gate,actual_flag,not_actual_high_regret,14952,0,0.0,0.0,0.0,0.0,0.0
confidence_lcb196_m2p0_r0_g0p75,lcb95_conservative_relaxed_margin_tighter_gate,actual_flag,actual_low_margin,8741,458,0.05239675094382794,3.95160842904878,0.0,0.0,0.0
confidence_lcb196_m2p0_r0_g0p75,lcb95_conservative_relaxed_margin_tighter_gate,actual_flag,not_actual_low_margin,11259,802,0.07123190336619593,5.341381963500358,0.0,0.0,0.0
confidence_lcb196_m2p0_r0_g0p75,lcb95_conservative_relaxed_margin_tighter_gate,actual_flag,actual_teacher_disagreement,12191,1260,0.10335493396768107,4.836210313675895,0.0,0.0,0.0
confidence_lcb196_m2p0_r0_g0p75,lcb95_conservative_relaxed_margin_tighter_gate,actual_flag,not_actual_teacher_disagreement,7809,0,0.0,0.0,0.0,0.0,0.0
confidence_lcb164_m2p0_r0_g0p75,lcb90_medium_relaxed_margin_tighter_gate,c1e_split,unbiased,4000,341,0.08525,4.8461995352048675,0.0,0.0,0.0
confidence_lcb164_m2p0_r0_g0p75,lcb90_medium_relaxed_margin_tighter_gate,c1e_split,enriched,16000,959,0.0599375,4.70925624713659,0.0,0.0,0.0
confidence_lcb164_m2p0_r0_g0p75,lcb90_medium_relaxed_margin_tighter_gate,run_bucket,natural,4000,341,0.08525,4.8461995352048675,0.0,0.0,0.0
confidence_lcb164_m2p0_r0_g0p75,lcb90_medium_relaxed_margin_tighter_gate,run_bucket,predicted_high_regret_from_pool,4000,280,0.07,5.84185580611229,0.0,0.0,0.0
confidence_lcb164_m2p0_r0_g0p75,lcb90_medium_relaxed_margin_tighter_gate,run_bucket,predicted_low_margin_from_pool,4000,188,0.047,5.172014611832639,0.0,0.0,0.0
confidence_lcb164_m2p0_r0_g0p75,lcb90_medium_relaxed_margin_tighter_gate,run_bucket,predicted_teacher_disagreement_from_pool,4000,163,0.04075,5.25166029579069,0.0,0.0,0.0
confidence_lcb164_m2p0_r0_g0p75,lcb90_medium_relaxed_margin_tighter_gate,run_bucket,random_off_policy,4000,328,0.082,3.207615061140642,0.0,0.0,0.0
confidence_lcb164_m2p0_r0_g0p75,lcb90_medium_relaxed_margin_tighter_gate,actual_flag,actual_high_regret,5048,1300,0.25752773375594296,4.745177525006808,0.0,0.0,0.0
confidence_lcb164_m2p0_r0_g0p75,lcb90_medium_relaxed_margin_tighter_gate,actual_flag,not_actual_high_regret,14952,0,0.0,0.0,0.0,0.0,0.0
confidence_lcb164_m2p0_r0_g0p75,lcb90_medium_relaxed_margin_tighter_gate,actual_flag,actual_low_margin,8741,474,0.05422720512527171,3.8804860514930533,0.0,0.0,0.0
confidence_lcb164_m2p0_r0_g0p75,lcb90_medium_relaxed_margin_tighter_gate,actual_flag,not_actual_low_margin,11259,826,0.07336353139710454,5.241380622398478,0.0,0.0,0.0
confidence_lcb164_m2p0_r0_g0p75,lcb90_medium_relaxed_margin_tighter_gate,actual_flag,actual_teacher_disagreement,12191,1300,0.1066360429825281,4.745177525006808,0.0,0.0,0.0
confidence_lcb164_m2p0_r0_g0p75,lcb90_medium_relaxed_margin_tighter_gate,actual_flag,not_actual_teacher_disagreement,7809,0,0.0,0.0,0.0,0.0,0.0
